Имя,Возраст,Город,Должность
Алексей Иванов,28,Москва,Разработчик
Мария Петрова,34,Санкт-Петербург,Менеджер
Дмитрий Сидоров,25,Новосибирск,Дизайнер
Ольга Кузнецова,31,Екатеринбург,Разработчик
Сергей Васильев,29,Казань,Менеджер
Анна Смирнова,27,Москва,Дизайнер
Павел Морозов,32,Самара,Разработчик
Екатерина Лебедева,30,Омск,Менеджер
Игорь Новиков,26,Челябинск,Дизайнер
Татьяна Федорова,33,Москва,Разработчик