Имя,Возраст,Город,Должность,Зарплата
Алексей Иванов,28,Москва,Разработчик,120000
Мария Петрова,34,Санкт-Петербург,Менеджер,100000
Дмитрий Сидоров,25,Новосибирск,Дизайнер,90000
Ольга Кузнецова,31,Екатеринбург,Разработчик,120000
Сергей Васильев,29,Казань,Менеджер,100000
Анна Смирнова,27,Москва,Дизайнер,90000
Павел Морозов,32,Самара,Разработчик,120000
Екатерина Лебедева,30,Омск,Менеджер,100000
Игорь Новиков,26,Челябинск,Дизайнер,90000
Татьяна Федорова,33,Москва,Разработчик,120000
